<queries>
    <query name="getSystemDateTime" method="0">
        <sql>SELECT NOW()</sql>
    </query>
    <query name="getSurveyQuestion" method="1">
        <sql>SELECT * FROM Question WHERE QID=?;</sql>
    </query>
    <query name="depositResponse" method="2">
     	<sql>INSERT INTO QResponce VALUES(?,?,?,?,?);</sql>
    </query>
    <query name="insertSurveyUserId" method="3">
    	<sql>INSERT INTO UserSurvey VALUES(?,?,?,?);</sql>
    </query>
    <query name="getSurveyId" method="4">
        <sql>SELECT * FROM Survey WHERE Survey_ID=?;</sql>
    </query>
</queries>