<queries>
    <query name="getSystemDateTime">
        <sql paramNum="0" insert="0">SELECT NOW()</sql>
    </query>
    <query name="getSurveyQuestion">
        <sql paramNum="1" insert="0">SELECT * FROM Question WHERE QID=?;</sql>
        <parameters>
        	<param>INT</param>
        </parameters>
    </query>
    <query name="depositResponse">
     	<sql paramNum="5" insert="1">INSERT INTO QResponce VALUES(?,?,?,?,?);</sql>
     	<parameters>
        	<param>INT</param>
        	<param>INT</param>
        	<param>INT</param>
        	<param size="10">VARCHAR</param>
        	<param>LONGTEXT</param>
        </parameters>
    </query>
    <query name="insertSurveyUserId">
    	<sql paramNum="4" insert="1">INSERT INTO UserSurvey VALUES(?,?,?,?);</sql>
    	<parameters>
        	<param size="100">VARCHAR</param>
        	<param>DATE</param>
        	<param>INT</param>
        	<param>INT</param>
        </parameters>
    </query>
    <query name="getSurveyId">
        <sql paramNum="1" insert="0">SELECT * FROM Survey WHERE Survey_ID=?;</sql>
        <parameters>
        	<param>INT</param>
        </parameters>
    </query>
    <query name="getExpirationDate">
        <sql paramNum="2" insert="0">Select Expiration_date from UserSurvey where Survey_ID=? AND User_ID=?</sql>
        <parameters>
        	<param>INT</param>
        	<param>INT</param>
        </parameters>
    </query>
    <query name="getYearofExpiration">
        <sql paramNum="2" insert="0">Select year(Expiration_date) From UserSurvey Where Survey_ID=? AND User_ID=?;</sql>
        <parameters>
        	<param>INT</param>
        	<param>INT</param>
        </parameters>
    </query>
    <query name="getDayofExpiration">
        <sql paramNum="2" insert="0">Select day(Expiration_date) From UserSurvey Where Survey_ID=? AND User_ID=?;</sql>
        <parameters>
        	<param>INT</param>
        	<param>INT</param>
        </parameters>
    </query>
    <query name="getMonthofExpiration">
        <sql paramNum="2" insert="0">Select month(Expiration_date) From UserSurvey Where Survey_ID=? AND User_ID=?;</sql>
        <parameters>
        	<param>INT</param>
        	<param>INT</param>
        </parameters>
    </query>
    <query name="getSurveyTitle">
        <sql paramNum="2" insert="0">Select Title From Survey Where Survey_ID=? AND User_ID=?;</sql>
        <parameters>
        	<param>INT</param>
        	<param>INT</param>
        </parameters>
    </query>
    <query name="getSurveyDescription">
        <sql paramNum="2" insert="0">Select Description From Survey Where Survey_ID=? AND User_ID=?;</sql>
        <parameters>
        	<param>INT</param>
        	<param>INT</param>
        </parameters>
    </query>
    <query name="getQDescription">
        <sql paramNum="1" insert="0">Select Qdescription from Question Where QID=?;</sql>
        <parameters>
        	<param>INT</param>
        </parameters>
    </query>
    <query name="getQuestionTypeID">
        <sql paramNum="1" insert="0">Select Type_ID from Question Where QID=?;</sql>
        <parameters>
        	<param>INT</param>
        </parameters>
    </query>
    <query name="getTypeDefinition">
        <sql paramNum="1" insert="0">Select Type_def from ResponceType Where Type_ID=?;</sql>
        <parameters>
        	<param>INT</param>
        </parameters>
    </query>
    <query name="getQuestionChoiceValue">
        <sql paramNum="1" insert="0">Select Choice_val from QuestionChoices Where QCID=?;</sql>
        <parameters>
        	<param>INT</param>
        </parameters>
    </query>
    <query name="getDescrip">
        <sql paramNum="1" insert="0">Select Descrip from QuestionChoices Where QCID=?;</sql>
        <parameters>
        	<param>INT</param>
        </parameters>
    </query>
    <query name="insertToQResponceText">
        <sql paramNum="4" insert="1">insert into QResponce (QRID, QID, User_ID, Text) values (?,?,?,?);</sql>
        <parameters>
        	<param>INT</param>
        	<param>INT</param>
        	<param>INT</param>
        	<param>LONGTEXT</param>
        </parameters>
    </query>
    <query name="insertToQResponceVal">
        <sql paramNum="4" insert="1">insert into QResponce (QRID, QID, User_ID, Responce_val) values (?,?,?,?)</sql>
        <parameters>
        	<param>INT</param>
        	<param>INT</param>
        	<param>INT</param>
        	<param size="10">VARCHAR</param>
        </parameters>
    </query>
    <query name="getQRID">
        <sql paramNum="2" insert="0">Select QRID from QResponce where User_ID=? and QID=?</sql>
        <parameters>
        	<param>INT</param>
        	<param>INT</param>
        </parameters>
    </query>
    <query name="getUserIDfromSurveyUser">
        <sql paramNum="1" insert="0">Select User_ID from UserSurvey where US_ID=?</sql>
        <parameters>
        	<param>INT</param>
        </parameters>
    </query>
    <query name="getUserIDfromQResponce">
        <sql paramNum="1" insert="0">Select User_ID from QResponce where QRID=?</sql>
        <parameters>
        	<param>INT</param>
        </parameters>
    </query>
</queries>